Replication,Algorithm,Metric,Value
0,FCFS,AvgWaitingTime,8573.61
0,FCFS,AvgTurnaroundTime,8758.62
0,FCFS,CPUUtilization,99.47
0,FCFS,Throughput,0.01
0,Priority-NP,AvgWaitingTime,9159.86
0,Priority-NP,AvgTurnaroundTime,9344.87
0,Priority-NP,CPUUtilization,99.47
0,Priority-NP,Throughput,0.01
0,SJF-NP,AvgWaitingTime,6102.19
0,SJF-NP,AvgTurnaroundTime,6287.20
0,SJF-NP,CPUUtilization,99.47
0,SJF-NP,Throughput,0.01
0,RoundRobin,AvgWaitingTime,14142.64
0,RoundRobin,AvgTurnaroundTime,14327.65
0,RoundRobin,CPUUtilization,83.19
0,RoundRobin,Throughput,0.00
1,FCFS,AvgWaitingTime,10151.68
1,FCFS,AvgTurnaroundTime,10367.86
1,FCFS,CPUUtilization,99.54
1,FCFS,Throughput,0.00
1,Priority-NP,AvgWaitingTime,10968.90
1,Priority-NP,AvgTurnaroundTime,11185.08
1,Priority-NP,CPUUtilization,99.54
1,Priority-NP,Throughput,0.00
1,SJF-NP,AvgWaitingTime,6946.97
1,SJF-NP,AvgTurnaroundTime,7163.15
1,SJF-NP,CPUUtilization,99.54
1,SJF-NP,Throughput,0.00
1,RoundRobin,AvgWaitingTime,16193.52
1,RoundRobin,AvgTurnaroundTime,16409.70
1,RoundRobin,CPUUtilization,83.20
1,RoundRobin,Throughput,0.00
2,FCFS,AvgWaitingTime,10765.45
2,FCFS,AvgTurnaroundTime,10986.42
2,FCFS,CPUUtilization,99.55
2,FCFS,Throughput,0.00
2,Priority-NP,AvgWaitingTime,10893.76
2,Priority-NP,AvgTurnaroundTime,11114.73
2,Priority-NP,CPUUtilization,99.55
2,Priority-NP,Throughput,0.00
2,SJF-NP,AvgWaitingTime,7736.59
2,SJF-NP,AvgTurnaroundTime,7957.56
2,SJF-NP,CPUUtilization,99.55
2,SJF-NP,Throughput,0.00
2,RoundRobin,AvgWaitingTime,18351.47
2,RoundRobin,AvgTurnaroundTime,18572.44
2,RoundRobin,CPUUtilization,83.20
2,RoundRobin,Throughput,0.00
3,FCFS,AvgWaitingTime,8946.19
3,FCFS,AvgTurnaroundTime,9141.19
3,FCFS,CPUUtilization,99.49
3,FCFS,Throughput,0.01
3,Priority-NP,AvgWaitingTime,9770.98
3,Priority-NP,AvgTurnaroundTime,9965.98
3,Priority-NP,CPUUtilization,99.49
3,Priority-NP,Throughput,0.01
3,SJF-NP,AvgWaitingTime,6466.06
3,SJF-NP,AvgTurnaroundTime,6661.06
3,SJF-NP,CPUUtilization,99.49
3,SJF-NP,Throughput,0.01
3,RoundRobin,AvgWaitingTime,15203.74
3,RoundRobin,AvgTurnaroundTime,15398.74
3,RoundRobin,CPUUtilization,83.19
3,RoundRobin,Throughput,0.00
4,FCFS,AvgWaitingTime,12701.80
4,FCFS,AvgTurnaroundTime,12977.02
4,FCFS,CPUUtilization,99.64
4,FCFS,Throughput,0.00
4,Priority-NP,AvgWaitingTime,13022.62
4,Priority-NP,AvgTurnaroundTime,13297.84
4,Priority-NP,CPUUtilization,99.64
4,Priority-NP,Throughput,0.00
4,SJF-NP,AvgWaitingTime,8872.30
4,SJF-NP,AvgTurnaroundTime,9147.52
4,SJF-NP,CPUUtilization,99.64
4,SJF-NP,Throughput,0.00
4,RoundRobin,AvgWaitingTime,20960.74
4,RoundRobin,AvgTurnaroundTime,21235.96
4,RoundRobin,CPUUtilization,83.23
4,RoundRobin,Throughput,0.00
5,FCFS,AvgWaitingTime,11640.73
5,FCFS,AvgTurnaroundTime,11878.07
5,FCFS,CPUUtilization,99.58
5,FCFS,Throughput,0.00
5,Priority-NP,AvgWaitingTime,12160.83
5,Priority-NP,AvgTurnaroundTime,12398.17
5,Priority-NP,CPUUtilization,99.58
5,Priority-NP,Throughput,0.00
5,SJF-NP,AvgWaitingTime,7889.21
5,SJF-NP,AvgTurnaroundTime,8126.55
5,SJF-NP,CPUUtilization,99.58
5,SJF-NP,Throughput,0.00
5,RoundRobin,AvgWaitingTime,18492.94
5,RoundRobin,AvgTurnaroundTime,18730.28
5,RoundRobin,CPUUtilization,83.22
5,RoundRobin,Throughput,0.00
6,FCFS,AvgWaitingTime,10044.26
6,FCFS,AvgTurnaroundTime,10245.00
6,FCFS,CPUUtilization,99.51
6,FCFS,Throughput,0.00
6,Priority-NP,AvgWaitingTime,9973.69
6,Priority-NP,AvgTurnaroundTime,10174.43
6,Priority-NP,CPUUtilization,99.51
6,Priority-NP,Throughput,0.00
6,SJF-NP,AvgWaitingTime,6617.26
6,SJF-NP,AvgTurnaroundTime,6818.00
6,SJF-NP,CPUUtilization,99.51
6,SJF-NP,Throughput,0.00
6,RoundRobin,AvgWaitingTime,15798.51
6,RoundRobin,AvgTurnaroundTime,15999.25
6,RoundRobin,CPUUtilization,83.18
6,RoundRobin,Throughput,0.00
7,FCFS,AvgWaitingTime,10733.48
7,FCFS,AvgTurnaroundTime,10967.49
7,FCFS,CPUUtilization,99.58
7,FCFS,Throughput,0.00
7,Priority-NP,AvgWaitingTime,11810.36
7,Priority-NP,AvgTurnaroundTime,12044.37
7,Priority-NP,CPUUtilization,99.58
7,Priority-NP,Throughput,0.00
7,SJF-NP,AvgWaitingTime,8371.25
7,SJF-NP,AvgTurnaroundTime,8605.26
7,SJF-NP,CPUUtilization,99.58
7,SJF-NP,Throughput,0.00
7,RoundRobin,AvgWaitingTime,19903.92
7,RoundRobin,AvgTurnaroundTime,20137.93
7,RoundRobin,CPUUtilization,83.24
7,RoundRobin,Throughput,0.00
8,FCFS,AvgWaitingTime,12379.57
8,FCFS,AvgTurnaroundTime,12637.03
8,FCFS,CPUUtilization,99.62
8,FCFS,Throughput,0.00
8,Priority-NP,AvgWaitingTime,12722.12
8,Priority-NP,AvgTurnaroundTime,12979.58
8,Priority-NP,CPUUtilization,99.62
8,Priority-NP,Throughput,0.00
8,SJF-NP,AvgWaitingTime,8576.61
8,SJF-NP,AvgTurnaroundTime,8834.07
8,SJF-NP,CPUUtilization,99.62
8,SJF-NP,Throughput,0.00
8,RoundRobin,AvgWaitingTime,20318.70
8,RoundRobin,AvgTurnaroundTime,20576.16
8,RoundRobin,CPUUtilization,83.22
8,RoundRobin,Throughput,0.00
9,FCFS,AvgWaitingTime,12232.09
9,FCFS,AvgTurnaroundTime,12485.95
9,FCFS,CPUUtilization,99.61
9,FCFS,Throughput,0.00
9,Priority-NP,AvgWaitingTime,12871.95
9,Priority-NP,AvgTurnaroundTime,13125.81
9,Priority-NP,CPUUtilization,99.61
9,Priority-NP,Throughput,0.00
9,SJF-NP,AvgWaitingTime,9180.55
9,SJF-NP,AvgTurnaroundTime,9434.41
9,SJF-NP,CPUUtilization,99.61
9,SJF-NP,Throughput,0.00
9,RoundRobin,AvgWaitingTime,21920.48
9,RoundRobin,AvgTurnaroundTime,22174.34
9,RoundRobin,CPUUtilization,83.22
9,RoundRobin,Throughput,0.00
10,FCFS,AvgWaitingTime,15375.97
10,FCFS,AvgTurnaroundTime,15700.87
10,FCFS,CPUUtilization,99.70
10,FCFS,Throughput,0.00
10,Priority-NP,AvgWaitingTime,16440.11
10,Priority-NP,AvgTurnaroundTime,16765.01
10,Priority-NP,CPUUtilization,99.70
10,Priority-NP,Throughput,0.00
10,SJF-NP,AvgWaitingTime,11096.64
10,SJF-NP,AvgTurnaroundTime,11421.54
10,SJF-NP,CPUUtilization,99.70
10,SJF-NP,Throughput,0.00
10,RoundRobin,AvgWaitingTime,26323.34
10,RoundRobin,AvgTurnaroundTime,26648.24
10,RoundRobin,CPUUtilization,83.26
10,RoundRobin,Throughput,0.00
11,FCFS,AvgWaitingTime,9499.81
11,FCFS,AvgTurnaroundTime,9688.20
11,FCFS,CPUUtilization,99.48
11,FCFS,Throughput,0.01
11,Priority-NP,AvgWaitingTime,8957.55
11,Priority-NP,AvgTurnaroundTime,9145.94
11,Priority-NP,CPUUtilization,99.48
11,Priority-NP,Throughput,0.01
11,SJF-NP,AvgWaitingTime,6234.73
11,SJF-NP,AvgTurnaroundTime,6423.12
11,SJF-NP,CPUUtilization,99.48
11,SJF-NP,Throughput,0.01
11,RoundRobin,AvgWaitingTime,14573.16
11,RoundRobin,AvgTurnaroundTime,14761.55
11,RoundRobin,CPUUtilization,83.17
11,RoundRobin,Throughput,0.00
12,FCFS,AvgWaitingTime,11961.19
12,FCFS,AvgTurnaroundTime,12217.08
12,FCFS,CPUUtilization,99.61
12,FCFS,Throughput,0.00
12,Priority-NP,AvgWaitingTime,12557.11
12,Priority-NP,AvgTurnaroundTime,12813.00
12,Priority-NP,CPUUtilization,99.61
12,Priority-NP,Throughput,0.00
12,SJF-NP,AvgWaitingTime,8846.43
12,SJF-NP,AvgTurnaroundTime,9102.32
12,SJF-NP,CPUUtilization,99.61
12,SJF-NP,Throughput,0.00
12,RoundRobin,AvgWaitingTime,21094.98
12,RoundRobin,AvgTurnaroundTime,21350.87
12,RoundRobin,CPUUtilization,83.25
12,RoundRobin,Throughput,0.00
13,FCFS,AvgWaitingTime,7617.96
13,FCFS,AvgTurnaroundTime,7781.70
13,FCFS,CPUUtilization,99.40
13,FCFS,Throughput,0.01
13,Priority-NP,AvgWaitingTime,8251.71
13,Priority-NP,AvgTurnaroundTime,8415.45
13,Priority-NP,CPUUtilization,99.40
13,Priority-NP,Throughput,0.01
13,SJF-NP,AvgWaitingTime,5436.75
13,SJF-NP,AvgTurnaroundTime,5600.49
13,SJF-NP,CPUUtilization,99.40
13,SJF-NP,Throughput,0.01
13,RoundRobin,AvgWaitingTime,12779.24
13,RoundRobin,AvgTurnaroundTime,12942.98
13,RoundRobin,CPUUtilization,83.17
13,RoundRobin,Throughput,0.01
14,FCFS,AvgWaitingTime,11628.17
14,FCFS,AvgTurnaroundTime,11865.95
14,FCFS,CPUUtilization,99.59
14,FCFS,Throughput,0.00
14,Priority-NP,AvgWaitingTime,12485.21
14,Priority-NP,AvgTurnaroundTime,12722.99
14,Priority-NP,CPUUtilization,99.59
14,Priority-NP,Throughput,0.00
14,SJF-NP,AvgWaitingTime,7612.63
14,SJF-NP,AvgTurnaroundTime,7850.41
14,SJF-NP,CPUUtilization,99.59
14,SJF-NP,Throughput,0.00
14,RoundRobin,AvgWaitingTime,18168.56
14,RoundRobin,AvgTurnaroundTime,18406.34
14,RoundRobin,CPUUtilization,83.20
14,RoundRobin,Throughput,0.00
15,FCFS,AvgWaitingTime,9099.70
15,FCFS,AvgTurnaroundTime,9289.63
15,FCFS,CPUUtilization,99.48
15,FCFS,Throughput,0.01
15,Priority-NP,AvgWaitingTime,9680.89
15,Priority-NP,AvgTurnaroundTime,9870.82
15,Priority-NP,CPUUtilization,99.48
15,Priority-NP,Throughput,0.01
15,SJF-NP,AvgWaitingTime,6188.02
15,SJF-NP,AvgTurnaroundTime,6377.95
15,SJF-NP,CPUUtilization,99.48
15,SJF-NP,Throughput,0.01
15,RoundRobin,AvgWaitingTime,14761.09
15,RoundRobin,AvgTurnaroundTime,14951.02
15,RoundRobin,CPUUtilization,83.16
15,RoundRobin,Throughput,0.00
16,FCFS,AvgWaitingTime,10499.62
16,FCFS,AvgTurnaroundTime,10714.72
16,FCFS,CPUUtilization,99.54
16,FCFS,Throughput,0.00
16,Priority-NP,AvgWaitingTime,10658.85
16,Priority-NP,AvgTurnaroundTime,10873.95
16,Priority-NP,CPUUtilization,99.54
16,Priority-NP,Throughput,0.00
16,SJF-NP,AvgWaitingTime,6915.15
16,SJF-NP,AvgTurnaroundTime,7130.25
16,SJF-NP,CPUUtilization,99.54
16,SJF-NP,Throughput,0.00
16,RoundRobin,AvgWaitingTime,16454.92
16,RoundRobin,AvgTurnaroundTime,16670.02
16,RoundRobin,CPUUtilization,83.20
16,RoundRobin,Throughput,0.00
17,FCFS,AvgWaitingTime,10957.98
17,FCFS,AvgTurnaroundTime,11183.42
17,FCFS,CPUUtilization,99.56
17,FCFS,Throughput,0.00
17,Priority-NP,AvgWaitingTime,10903.66
17,Priority-NP,AvgTurnaroundTime,11129.10
17,Priority-NP,CPUUtilization,99.56
17,Priority-NP,Throughput,0.00
17,SJF-NP,AvgWaitingTime,7560.05
17,SJF-NP,AvgTurnaroundTime,7785.49
17,SJF-NP,CPUUtilization,99.56
17,SJF-NP,Throughput,0.00
17,RoundRobin,AvgWaitingTime,17644.43
17,RoundRobin,AvgTurnaroundTime,17869.87
17,RoundRobin,CPUUtilization,83.21
17,RoundRobin,Throughput,0.00
18,FCFS,AvgWaitingTime,11537.42
18,FCFS,AvgTurnaroundTime,11779.72
18,FCFS,CPUUtilization,99.59
18,FCFS,Throughput,0.00
18,Priority-NP,AvgWaitingTime,11755.18
18,Priority-NP,AvgTurnaroundTime,11997.48
18,Priority-NP,CPUUtilization,99.59
18,Priority-NP,Throughput,0.00
18,SJF-NP,AvgWaitingTime,8710.53
18,SJF-NP,AvgTurnaroundTime,8952.83
18,SJF-NP,CPUUtilization,99.59
18,SJF-NP,Throughput,0.00
18,RoundRobin,AvgWaitingTime,20425.79
18,RoundRobin,AvgTurnaroundTime,20668.09
18,RoundRobin,CPUUtilization,83.24
18,RoundRobin,Throughput,0.00
19,FCFS,AvgWaitingTime,10305.22
19,FCFS,AvgTurnaroundTime,10541.05
19,FCFS,CPUUtilization,99.58
19,FCFS,Throughput,0.00
19,Priority-NP,AvgWaitingTime,12594.43
19,Priority-NP,AvgTurnaroundTime,12830.26
19,Priority-NP,CPUUtilization,99.58
19,Priority-NP,Throughput,0.00
19,SJF-NP,AvgWaitingTime,7518.66
19,SJF-NP,AvgTurnaroundTime,7754.49
19,SJF-NP,CPUUtilization,99.58
19,SJF-NP,Throughput,0.00
19,RoundRobin,AvgWaitingTime,17913.20
19,RoundRobin,AvgTurnaroundTime,18149.03
19,RoundRobin,CPUUtilization,83.22
19,RoundRobin,Throughput,0.00
20,FCFS,AvgWaitingTime,11332.57
20,FCFS,AvgTurnaroundTime,11576.40
20,FCFS,CPUUtilization,99.60
20,FCFS,Throughput,0.00
20,Priority-NP,AvgWaitingTime,11069.74
20,Priority-NP,AvgTurnaroundTime,11313.57
20,Priority-NP,CPUUtilization,99.60
20,Priority-NP,Throughput,0.00
20,SJF-NP,AvgWaitingTime,8205.78
20,SJF-NP,AvgTurnaroundTime,8449.61
20,SJF-NP,CPUUtilization,99.60
20,SJF-NP,Throughput,0.00
20,RoundRobin,AvgWaitingTime,19465.30
20,RoundRobin,AvgTurnaroundTime,19709.13
20,RoundRobin,CPUUtilization,83.23
20,RoundRobin,Throughput,0.00
21,FCFS,AvgWaitingTime,9476.95
21,FCFS,AvgTurnaroundTime,9665.30
21,FCFS,CPUUtilization,99.48
21,FCFS,Throughput,0.01
21,Priority-NP,AvgWaitingTime,9649.95
21,Priority-NP,AvgTurnaroundTime,9838.30
21,Priority-NP,CPUUtilization,99.48
21,Priority-NP,Throughput,0.01
21,SJF-NP,AvgWaitingTime,6421.98
21,SJF-NP,AvgTurnaroundTime,6610.33
21,SJF-NP,CPUUtilization,99.48
21,SJF-NP,Throughput,0.01
21,RoundRobin,AvgWaitingTime,15002.08
21,RoundRobin,AvgTurnaroundTime,15190.43
21,RoundRobin,CPUUtilization,83.20
21,RoundRobin,Throughput,0.00
22,FCFS,AvgWaitingTime,9757.95
22,FCFS,AvgTurnaroundTime,9958.25
22,FCFS,CPUUtilization,99.51
22,FCFS,Throughput,0.00
22,Priority-NP,AvgWaitingTime,9738.57
22,Priority-NP,AvgTurnaroundTime,9938.87
22,Priority-NP,CPUUtilization,99.51
22,Priority-NP,Throughput,0.00
22,SJF-NP,AvgWaitingTime,6435.20
22,SJF-NP,AvgTurnaroundTime,6635.50
22,SJF-NP,CPUUtilization,99.51
22,SJF-NP,Throughput,0.00
22,RoundRobin,AvgWaitingTime,15349.11
22,RoundRobin,AvgTurnaroundTime,15549.41
22,RoundRobin,CPUUtilization,83.19
22,RoundRobin,Throughput,0.00
23,FCFS,AvgWaitingTime,8050.71
23,FCFS,AvgTurnaroundTime,8227.18
23,FCFS,CPUUtilization,99.44
23,FCFS,Throughput,0.01
23,Priority-NP,AvgWaitingTime,8933.30
23,Priority-NP,AvgTurnaroundTime,9109.77
23,Priority-NP,CPUUtilization,99.44
23,Priority-NP,Throughput,0.01
23,SJF-NP,AvgWaitingTime,5456.27
23,SJF-NP,AvgTurnaroundTime,5632.74
23,SJF-NP,CPUUtilization,99.44
23,SJF-NP,Throughput,0.01
23,RoundRobin,AvgWaitingTime,12973.04
23,RoundRobin,AvgTurnaroundTime,13149.51
23,RoundRobin,CPUUtilization,83.16
23,RoundRobin,Throughput,0.00
24,FCFS,AvgWaitingTime,12320.99
24,FCFS,AvgTurnaroundTime,12584.65
24,FCFS,CPUUtilization,99.63
24,FCFS,Throughput,0.00
24,Priority-NP,AvgWaitingTime,13670.42
24,Priority-NP,AvgTurnaroundTime,13934.08
24,Priority-NP,CPUUtilization,99.63
24,Priority-NP,Throughput,0.00
24,SJF-NP,AvgWaitingTime,8683.84
24,SJF-NP,AvgTurnaroundTime,8947.50
24,SJF-NP,CPUUtilization,99.63
24,SJF-NP,Throughput,0.00
24,RoundRobin,AvgWaitingTime,20737.85
24,RoundRobin,AvgTurnaroundTime,21001.51
24,RoundRobin,CPUUtilization,83.23
24,RoundRobin,Throughput,0.00
25,FCFS,AvgWaitingTime,12250.09
25,FCFS,AvgTurnaroundTime,12509.61
25,FCFS,CPUUtilization,99.62
25,FCFS,Throughput,0.00
25,Priority-NP,AvgWaitingTime,13169.57
25,Priority-NP,AvgTurnaroundTime,13429.09
25,Priority-NP,CPUUtilization,99.62
25,Priority-NP,Throughput,0.00
25,SJF-NP,AvgWaitingTime,8855.10
25,SJF-NP,AvgTurnaroundTime,9114.62
25,SJF-NP,CPUUtilization,99.62
25,SJF-NP,Throughput,0.00
25,RoundRobin,AvgWaitingTime,21135.05
25,RoundRobin,AvgTurnaroundTime,21394.57
25,RoundRobin,CPUUtilization,83.21
25,RoundRobin,Throughput,0.00
26,FCFS,AvgWaitingTime,11562.80
26,FCFS,AvgTurnaroundTime,11795.74
26,FCFS,CPUUtilization,99.58
26,FCFS,Throughput,0.00
26,Priority-NP,AvgWaitingTime,11238.00
26,Priority-NP,AvgTurnaroundTime,11470.94
26,Priority-NP,CPUUtilization,99.58
26,Priority-NP,Throughput,0.00
26,SJF-NP,AvgWaitingTime,7847.53
26,SJF-NP,AvgTurnaroundTime,8080.47
26,SJF-NP,CPUUtilization,99.58
26,SJF-NP,Throughput,0.00
26,RoundRobin,AvgWaitingTime,18696.55
26,RoundRobin,AvgTurnaroundTime,18929.49
26,RoundRobin,CPUUtilization,83.22
26,RoundRobin,Throughput,0.00
27,FCFS,AvgWaitingTime,9482.29
27,FCFS,AvgTurnaroundTime,9675.26
27,FCFS,CPUUtilization,99.49
27,FCFS,Throughput,0.01
27,Priority-NP,AvgWaitingTime,9165.95
27,Priority-NP,AvgTurnaroundTime,9358.92
27,Priority-NP,CPUUtilization,99.49
27,Priority-NP,Throughput,0.01
27,SJF-NP,AvgWaitingTime,6200.33
27,SJF-NP,AvgTurnaroundTime,6393.30
27,SJF-NP,CPUUtilization,99.49
27,SJF-NP,Throughput,0.01
27,RoundRobin,AvgWaitingTime,14774.21
27,RoundRobin,AvgTurnaroundTime,14967.18
27,RoundRobin,CPUUtilization,83.20
27,RoundRobin,Throughput,0.00
28,FCFS,AvgWaitingTime,14284.03
28,FCFS,AvgTurnaroundTime,14588.92
28,FCFS,CPUUtilization,99.68
28,FCFS,Throughput,0.00
28,Priority-NP,AvgWaitingTime,15435.52
28,Priority-NP,AvgTurnaroundTime,15740.41
28,Priority-NP,CPUUtilization,99.68
28,Priority-NP,Throughput,0.00
28,SJF-NP,AvgWaitingTime,9896.20
28,SJF-NP,AvgTurnaroundTime,10201.09
28,SJF-NP,CPUUtilization,99.68
28,SJF-NP,Throughput,0.00
28,RoundRobin,AvgWaitingTime,23179.11
28,RoundRobin,AvgTurnaroundTime,23484.00
28,RoundRobin,CPUUtilization,83.24
28,RoundRobin,Throughput,0.00
29,FCFS,AvgWaitingTime,13006.13
29,FCFS,AvgTurnaroundTime,13276.62
29,FCFS,CPUUtilization,99.64
29,FCFS,Throughput,0.00
29,Priority-NP,AvgWaitingTime,13551.32
29,Priority-NP,AvgTurnaroundTime,13821.81
29,Priority-NP,CPUUtilization,99.64
29,Priority-NP,Throughput,0.00
29,SJF-NP,AvgWaitingTime,9182.04
29,SJF-NP,AvgTurnaroundTime,9452.53
29,SJF-NP,CPUUtilization,99.64
29,SJF-NP,Throughput,0.00
29,RoundRobin,AvgWaitingTime,21960.38
29,RoundRobin,AvgTurnaroundTime,22230.87
29,RoundRobin,CPUUtilization,83.23
29,RoundRobin,Throughput,0.00
30,FCFS,AvgWaitingTime,10464.21
30,FCFS,AvgTurnaroundTime,10685.39
30,FCFS,CPUUtilization,99.55
30,FCFS,Throughput,0.00
30,Priority-NP,AvgWaitingTime,10222.81
30,Priority-NP,AvgTurnaroundTime,10443.99
30,Priority-NP,CPUUtilization,99.55
30,Priority-NP,Throughput,0.00
30,SJF-NP,AvgWaitingTime,7360.22
30,SJF-NP,AvgTurnaroundTime,7581.40
30,SJF-NP,CPUUtilization,99.55
30,SJF-NP,Throughput,0.00
30,RoundRobin,AvgWaitingTime,17571.15
30,RoundRobin,AvgTurnaroundTime,17792.33
30,RoundRobin,CPUUtilization,83.20
30,RoundRobin,Throughput,0.00
31,FCFS,AvgWaitingTime,10599.11
31,FCFS,AvgTurnaroundTime,10828.16
31,FCFS,CPUUtilization,99.57
31,FCFS,Throughput,0.00
31,Priority-NP,AvgWaitingTime,11014.61
31,Priority-NP,AvgTurnaroundTime,11243.66
31,Priority-NP,CPUUtilization,99.57
31,Priority-NP,Throughput,0.00
31,SJF-NP,AvgWaitingTime,7695.79
31,SJF-NP,AvgTurnaroundTime,7924.84
31,SJF-NP,CPUUtilization,99.57
31,SJF-NP,Throughput,0.00
31,RoundRobin,AvgWaitingTime,18338.22
31,RoundRobin,AvgTurnaroundTime,18567.27
31,RoundRobin,CPUUtilization,83.22
31,RoundRobin,Throughput,0.00
32,FCFS,AvgWaitingTime,10924.98
32,FCFS,AvgTurnaroundTime,11145.90
32,FCFS,CPUUtilization,99.55
32,FCFS,Throughput,0.00
32,Priority-NP,AvgWaitingTime,11250.98
32,Priority-NP,AvgTurnaroundTime,11471.90
32,Priority-NP,CPUUtilization,99.55
32,Priority-NP,Throughput,0.00
32,SJF-NP,AvgWaitingTime,7565.06
32,SJF-NP,AvgTurnaroundTime,7785.98
32,SJF-NP,CPUUtilization,99.55
32,SJF-NP,Throughput,0.00
32,RoundRobin,AvgWaitingTime,18060.46
32,RoundRobin,AvgTurnaroundTime,18281.38
32,RoundRobin,CPUUtilization,83.20
32,RoundRobin,Throughput,0.00
33,FCFS,AvgWaitingTime,13127.26
33,FCFS,AvgTurnaroundTime,13384.11
33,FCFS,CPUUtilization,99.62
33,FCFS,Throughput,0.00
33,Priority-NP,AvgWaitingTime,12803.36
33,Priority-NP,AvgTurnaroundTime,13060.21
33,Priority-NP,CPUUtilization,99.62
33,Priority-NP,Throughput,0.00
33,SJF-NP,AvgWaitingTime,8265.80
33,SJF-NP,AvgTurnaroundTime,8522.65
33,SJF-NP,CPUUtilization,99.62
33,SJF-NP,Throughput,0.00
33,RoundRobin,AvgWaitingTime,19676.75
33,RoundRobin,AvgTurnaroundTime,19933.60
33,RoundRobin,CPUUtilization,83.20
33,RoundRobin,Throughput,0.00
34,FCFS,AvgWaitingTime,11999.52
34,FCFS,AvgTurnaroundTime,12246.03
34,FCFS,CPUUtilization,99.60
34,FCFS,Throughput,0.00
34,Priority-NP,AvgWaitingTime,11401.53
34,Priority-NP,AvgTurnaroundTime,11648.04
34,Priority-NP,CPUUtilization,99.60
34,Priority-NP,Throughput,0.00
34,SJF-NP,AvgWaitingTime,8624.60
34,SJF-NP,AvgTurnaroundTime,8871.11
34,SJF-NP,CPUUtilization,99.60
34,SJF-NP,Throughput,0.00
34,RoundRobin,AvgWaitingTime,20595.82
34,RoundRobin,AvgTurnaroundTime,20842.33
34,RoundRobin,CPUUtilization,83.23
34,RoundRobin,Throughput,0.00
35,FCFS,AvgWaitingTime,12563.40
35,FCFS,AvgTurnaroundTime,12818.75
35,FCFS,CPUUtilization,99.61
35,FCFS,Throughput,0.00
35,Priority-NP,AvgWaitingTime,12718.05
35,Priority-NP,AvgTurnaroundTime,12973.40
35,Priority-NP,CPUUtilization,99.61
35,Priority-NP,Throughput,0.00
35,SJF-NP,AvgWaitingTime,8803.34
35,SJF-NP,AvgTurnaroundTime,9058.69
35,SJF-NP,CPUUtilization,99.61
35,SJF-NP,Throughput,0.00
35,RoundRobin,AvgWaitingTime,21023.73
35,RoundRobin,AvgTurnaroundTime,21279.08
35,RoundRobin,CPUUtilization,83.24
35,RoundRobin,Throughput,0.00
36,FCFS,AvgWaitingTime,11038.70
36,FCFS,AvgTurnaroundTime,11283.09
36,FCFS,CPUUtilization,99.60
36,FCFS,Throughput,0.00
36,Priority-NP,AvgWaitingTime,12783.34
36,Priority-NP,AvgTurnaroundTime,13027.73
36,Priority-NP,CPUUtilization,99.60
36,Priority-NP,Throughput,0.00
36,SJF-NP,AvgWaitingTime,8338.68
36,SJF-NP,AvgTurnaroundTime,8583.07
36,SJF-NP,CPUUtilization,99.60
36,SJF-NP,Throughput,0.00
36,RoundRobin,AvgWaitingTime,19915.58
36,RoundRobin,AvgTurnaroundTime,20159.97
36,RoundRobin,CPUUtilization,83.22
36,RoundRobin,Throughput,0.00
37,FCFS,AvgWaitingTime,11007.59
37,FCFS,AvgTurnaroundTime,11239.39
37,FCFS,CPUUtilization,99.57
37,FCFS,Throughput,0.00
37,Priority-NP,AvgWaitingTime,11555.18
37,Priority-NP,AvgTurnaroundTime,11786.98
37,Priority-NP,CPUUtilization,99.57
37,Priority-NP,Throughput,0.00
37,SJF-NP,AvgWaitingTime,8212.53
37,SJF-NP,AvgTurnaroundTime,8444.33
37,SJF-NP,CPUUtilization,99.57
37,SJF-NP,Throughput,0.00
37,RoundRobin,AvgWaitingTime,19417.84
37,RoundRobin,AvgTurnaroundTime,19649.64
37,RoundRobin,CPUUtilization,83.20
37,RoundRobin,Throughput,0.00
38,FCFS,AvgWaitingTime,8447.63
38,FCFS,AvgTurnaroundTime,8630.17
38,FCFS,CPUUtilization,99.46
38,FCFS,Throughput,0.01
38,Priority-NP,AvgWaitingTime,8964.42
38,Priority-NP,AvgTurnaroundTime,9146.96
38,Priority-NP,CPUUtilization,99.46
38,Priority-NP,Throughput,0.01
38,SJF-NP,AvgWaitingTime,5856.66
38,SJF-NP,AvgTurnaroundTime,6039.20
38,SJF-NP,CPUUtilization,99.46
38,SJF-NP,Throughput,0.01
38,RoundRobin,AvgWaitingTime,13908.97
38,RoundRobin,AvgTurnaroundTime,14091.51
38,RoundRobin,CPUUtilization,83.18
38,RoundRobin,Throughput,0.00
39,FCFS,AvgWaitingTime,10972.83
39,FCFS,AvgTurnaroundTime,11205.86
39,FCFS,CPUUtilization,99.58
39,FCFS,Throughput,0.00
39,Priority-NP,AvgWaitingTime,11499.65
39,Priority-NP,AvgTurnaroundTime,11732.68
39,Priority-NP,CPUUtilization,99.58
39,Priority-NP,Throughput,0.00
39,SJF-NP,AvgWaitingTime,7720.04
39,SJF-NP,AvgTurnaroundTime,7953.07
39,SJF-NP,CPUUtilization,99.58
39,SJF-NP,Throughput,0.00
39,RoundRobin,AvgWaitingTime,18305.66
39,RoundRobin,AvgTurnaroundTime,18538.69
39,RoundRobin,CPUUtilization,83.23
39,RoundRobin,Throughput,0.00
40,FCFS,AvgWaitingTime,10623.94
40,FCFS,AvgTurnaroundTime,10861.10
40,FCFS,CPUUtilization,99.58
40,FCFS,Throughput,0.00
40,Priority-NP,AvgWaitingTime,11639.56
40,Priority-NP,AvgTurnaroundTime,11876.72
40,Priority-NP,CPUUtilization,99.58
40,Priority-NP,Throughput,0.00
40,SJF-NP,AvgWaitingTime,7874.39
40,SJF-NP,AvgTurnaroundTime,8111.55
40,SJF-NP,CPUUtilization,99.58
40,SJF-NP,Throughput,0.00
40,RoundRobin,AvgWaitingTime,18783.29
40,RoundRobin,AvgTurnaroundTime,19020.45
40,RoundRobin,CPUUtilization,83.21
40,RoundRobin,Throughput,0.00
41,FCFS,AvgWaitingTime,10859.28
41,FCFS,AvgTurnaroundTime,11096.22
41,FCFS,CPUUtilization,99.58
41,FCFS,Throughput,0.00
41,Priority-NP,AvgWaitingTime,12105.22
41,Priority-NP,AvgTurnaroundTime,12342.16
41,Priority-NP,CPUUtilization,99.58
41,Priority-NP,Throughput,0.00
41,SJF-NP,AvgWaitingTime,7914.24
41,SJF-NP,AvgTurnaroundTime,8151.18
41,SJF-NP,CPUUtilization,99.58
41,SJF-NP,Throughput,0.00
41,RoundRobin,AvgWaitingTime,18851.82
41,RoundRobin,AvgTurnaroundTime,19088.76
41,RoundRobin,CPUUtilization,83.21
41,RoundRobin,Throughput,0.00
42,FCFS,AvgWaitingTime,9788.20
42,FCFS,AvgTurnaroundTime,9991.75
42,FCFS,CPUUtilization,99.52
42,FCFS,Throughput,0.00
42,Priority-NP,AvgWaitingTime,10833.36
42,Priority-NP,AvgTurnaroundTime,11036.91
42,Priority-NP,CPUUtilization,99.52
42,Priority-NP,Throughput,0.00
42,SJF-NP,AvgWaitingTime,6637.14
42,SJF-NP,AvgTurnaroundTime,6840.69
42,SJF-NP,CPUUtilization,99.52
42,SJF-NP,Throughput,0.00
42,RoundRobin,AvgWaitingTime,15579.24
42,RoundRobin,AvgTurnaroundTime,15782.79
42,RoundRobin,CPUUtilization,83.21
42,RoundRobin,Throughput,0.00
43,FCFS,AvgWaitingTime,11660.11
43,FCFS,AvgTurnaroundTime,11909.09
43,FCFS,CPUUtilization,99.60
43,FCFS,Throughput,0.00
43,Priority-NP,AvgWaitingTime,12663.25
43,Priority-NP,AvgTurnaroundTime,12912.23
43,Priority-NP,CPUUtilization,99.60
43,Priority-NP,Throughput,0.00
43,SJF-NP,AvgWaitingTime,7759.49
43,SJF-NP,AvgTurnaroundTime,8008.47
43,SJF-NP,CPUUtilization,99.60
43,SJF-NP,Throughput,0.00
43,RoundRobin,AvgWaitingTime,18518.93
43,RoundRobin,AvgTurnaroundTime,18767.91
43,RoundRobin,CPUUtilization,83.23
43,RoundRobin,Throughput,0.00
44,FCFS,AvgWaitingTime,9592.69
44,FCFS,AvgTurnaroundTime,9797.06
44,FCFS,CPUUtilization,99.52
44,FCFS,Throughput,0.00
44,Priority-NP,AvgWaitingTime,9945.06
44,Priority-NP,AvgTurnaroundTime,10149.43
44,Priority-NP,CPUUtilization,99.52
44,Priority-NP,Throughput,0.00
44,SJF-NP,AvgWaitingTime,6715.03
44,SJF-NP,AvgTurnaroundTime,6919.40
44,SJF-NP,CPUUtilization,99.52
44,SJF-NP,Throughput,0.00
44,RoundRobin,AvgWaitingTime,16001.28
44,RoundRobin,AvgTurnaroundTime,16205.65
44,RoundRobin,CPUUtilization,83.20
44,RoundRobin,Throughput,0.00
45,FCFS,AvgWaitingTime,12395.54
45,FCFS,AvgTurnaroundTime,12663.42
45,FCFS,CPUUtilization,99.63
45,FCFS,Throughput,0.00
45,Priority-NP,AvgWaitingTime,13300.00
45,Priority-NP,AvgTurnaroundTime,13567.88
45,Priority-NP,CPUUtilization,99.63
45,Priority-NP,Throughput,0.00
45,SJF-NP,AvgWaitingTime,8971.40
45,SJF-NP,AvgTurnaroundTime,9239.28
45,SJF-NP,CPUUtilization,99.63
45,SJF-NP,Throughput,0.00
45,RoundRobin,AvgWaitingTime,21168.95
45,RoundRobin,AvgTurnaroundTime,21436.83
45,RoundRobin,CPUUtilization,83.23
45,RoundRobin,Throughput,0.00
46,FCFS,AvgWaitingTime,10962.83
46,FCFS,AvgTurnaroundTime,11187.72
46,FCFS,CPUUtilization,99.56
46,FCFS,Throughput,0.00
46,Priority-NP,AvgWaitingTime,11126.76
46,Priority-NP,AvgTurnaroundTime,11351.65
46,Priority-NP,CPUUtilization,99.56
46,Priority-NP,Throughput,0.00
46,SJF-NP,AvgWaitingTime,7453.49
46,SJF-NP,AvgTurnaroundTime,7678.38
46,SJF-NP,CPUUtilization,99.56
46,SJF-NP,Throughput,0.00
46,RoundRobin,AvgWaitingTime,17787.04
46,RoundRobin,AvgTurnaroundTime,18011.93
46,RoundRobin,CPUUtilization,83.22
46,RoundRobin,Throughput,0.00
47,FCFS,AvgWaitingTime,10299.77
47,FCFS,AvgTurnaroundTime,10531.89
47,FCFS,CPUUtilization,99.58
47,FCFS,Throughput,0.00
47,Priority-NP,AvgWaitingTime,10930.36
47,Priority-NP,AvgTurnaroundTime,11162.48
47,Priority-NP,CPUUtilization,99.58
47,Priority-NP,Throughput,0.00
47,SJF-NP,AvgWaitingTime,7404.23
47,SJF-NP,AvgTurnaroundTime,7636.35
47,SJF-NP,CPUUtilization,99.58
47,SJF-NP,Throughput,0.00
47,RoundRobin,AvgWaitingTime,17328.82
47,RoundRobin,AvgTurnaroundTime,17560.94
47,RoundRobin,CPUUtilization,83.21
47,RoundRobin,Throughput,0.00
48,FCFS,AvgWaitingTime,12106.19
48,FCFS,AvgTurnaroundTime,12359.14
48,FCFS,CPUUtilization,99.61
48,FCFS,Throughput,0.00
48,Priority-NP,AvgWaitingTime,13202.05
48,Priority-NP,AvgTurnaroundTime,13455.00
48,Priority-NP,CPUUtilization,99.61
48,Priority-NP,Throughput,0.00
48,SJF-NP,AvgWaitingTime,8578.91
48,SJF-NP,AvgTurnaroundTime,8831.86
48,SJF-NP,CPUUtilization,99.61
48,SJF-NP,Throughput,0.00
48,RoundRobin,AvgWaitingTime,20479.51
48,RoundRobin,AvgTurnaroundTime,20732.46
48,RoundRobin,CPUUtilization,83.24
48,RoundRobin,Throughput,0.00
49,FCFS,AvgWaitingTime,10211.09
49,FCFS,AvgTurnaroundTime,10431.99
49,FCFS,CPUUtilization,99.55
49,FCFS,Throughput,0.00
49,Priority-NP,AvgWaitingTime,10991.42
49,Priority-NP,AvgTurnaroundTime,11212.32
49,Priority-NP,CPUUtilization,99.55
49,Priority-NP,Throughput,0.00
49,SJF-NP,AvgWaitingTime,7139.88
49,SJF-NP,AvgTurnaroundTime,7360.78
49,SJF-NP,CPUUtilization,99.55
49,SJF-NP,Throughput,0.00
49,RoundRobin,AvgWaitingTime,17042.82
49,RoundRobin,AvgTurnaroundTime,17263.72
49,RoundRobin,CPUUtilization,83.20
49,RoundRobin,Throughput,0.00
50,FCFS,AvgWaitingTime,9736.97
50,FCFS,AvgTurnaroundTime,9939.49
50,FCFS,CPUUtilization,99.51
50,FCFS,Throughput,0.00
50,Priority-NP,AvgWaitingTime,10424.13
50,Priority-NP,AvgTurnaroundTime,10626.65
50,Priority-NP,CPUUtilization,99.51
50,Priority-NP,Throughput,0.00
50,SJF-NP,AvgWaitingTime,6829.80
50,SJF-NP,AvgTurnaroundTime,7032.32
50,SJF-NP,CPUUtilization,99.51
50,SJF-NP,Throughput,0.00
50,RoundRobin,AvgWaitingTime,15900.82
50,RoundRobin,AvgTurnaroundTime,16103.34
50,RoundRobin,CPUUtilization,83.20
50,RoundRobin,Throughput,0.00
51,FCFS,AvgWaitingTime,8979.45
51,FCFS,AvgTurnaroundTime,9171.17
51,FCFS,CPUUtilization,99.49
51,FCFS,Throughput,0.01
51,Priority-NP,AvgWaitingTime,10072.33
51,Priority-NP,AvgTurnaroundTime,10264.05
51,Priority-NP,CPUUtilization,99.49
51,Priority-NP,Throughput,0.01
51,SJF-NP,AvgWaitingTime,6135.42
51,SJF-NP,AvgTurnaroundTime,6327.14
51,SJF-NP,CPUUtilization,99.49
51,SJF-NP,Throughput,0.01
51,RoundRobin,AvgWaitingTime,14500.33
51,RoundRobin,AvgTurnaroundTime,14692.05
51,RoundRobin,CPUUtilization,83.18
51,RoundRobin,Throughput,0.00
52,FCFS,AvgWaitingTime,8562.34
52,FCFS,AvgTurnaroundTime,8750.59
52,FCFS,CPUUtilization,99.48
52,FCFS,Throughput,0.01
52,Priority-NP,AvgWaitingTime,9183.17
52,Priority-NP,AvgTurnaroundTime,9371.42
52,Priority-NP,CPUUtilization,99.48
52,Priority-NP,Throughput,0.01
52,SJF-NP,AvgWaitingTime,6703.19
52,SJF-NP,AvgTurnaroundTime,6891.44
52,SJF-NP,CPUUtilization,99.48
52,SJF-NP,Throughput,0.01
52,RoundRobin,AvgWaitingTime,15611.90
52,RoundRobin,AvgTurnaroundTime,15800.15
52,RoundRobin,CPUUtilization,83.18
52,RoundRobin,Throughput,0.00
53,FCFS,AvgWaitingTime,9510.28
53,FCFS,AvgTurnaroundTime,9713.83
53,FCFS,CPUUtilization,99.52
53,FCFS,Throughput,0.00
53,Priority-NP,AvgWaitingTime,10341.22
53,Priority-NP,AvgTurnaroundTime,10544.77
53,Priority-NP,CPUUtilization,99.52
53,Priority-NP,Throughput,0.00
53,SJF-NP,AvgWaitingTime,6602.07
53,SJF-NP,AvgTurnaroundTime,6805.62
53,SJF-NP,CPUUtilization,99.52
53,SJF-NP,Throughput,0.00
53,RoundRobin,AvgWaitingTime,15727.95
53,RoundRobin,AvgTurnaroundTime,15931.50
53,RoundRobin,CPUUtilization,83.21
53,RoundRobin,Throughput,0.00
54,FCFS,AvgWaitingTime,10006.01
54,FCFS,AvgTurnaroundTime,10227.28
54,FCFS,CPUUtilization,99.55
54,FCFS,Throughput,0.00
54,Priority-NP,AvgWaitingTime,10888.24
54,Priority-NP,AvgTurnaroundTime,11109.51
54,Priority-NP,CPUUtilization,99.55
54,Priority-NP,Throughput,0.00
54,SJF-NP,AvgWaitingTime,7161.49
54,SJF-NP,AvgTurnaroundTime,7382.76
54,SJF-NP,CPUUtilization,99.55
54,SJF-NP,Throughput,0.00
54,RoundRobin,AvgWaitingTime,17087.40
54,RoundRobin,AvgTurnaroundTime,17308.67
54,RoundRobin,CPUUtilization,83.20
54,RoundRobin,Throughput,0.00
55,FCFS,AvgWaitingTime,12992.50
55,FCFS,AvgTurnaroundTime,13271.10
55,FCFS,CPUUtilization,99.65
55,FCFS,Throughput,0.00
55,Priority-NP,AvgWaitingTime,13711.10
55,Priority-NP,AvgTurnaroundTime,13989.70
55,Priority-NP,CPUUtilization,99.65
55,Priority-NP,Throughput,0.00
55,SJF-NP,AvgWaitingTime,10152.58
55,SJF-NP,AvgTurnaroundTime,10431.18
55,SJF-NP,CPUUtilization,99.65
55,SJF-NP,Throughput,0.00
55,RoundRobin,AvgWaitingTime,23951.76
55,RoundRobin,AvgTurnaroundTime,24230.36
55,RoundRobin,CPUUtilization,83.23
55,RoundRobin,Throughput,0.00
56,FCFS,AvgWaitingTime,11128.72
56,FCFS,AvgTurnaroundTime,11352.96
56,FCFS,CPUUtilization,99.56
56,FCFS,Throughput,0.00
56,Priority-NP,AvgWaitingTime,11686.43
56,Priority-NP,AvgTurnaroundTime,11910.67
56,Priority-NP,CPUUtilization,99.56
56,Priority-NP,Throughput,0.00
56,SJF-NP,AvgWaitingTime,7829.31
56,SJF-NP,AvgTurnaroundTime,8053.55
56,SJF-NP,CPUUtilization,99.56
56,SJF-NP,Throughput,0.00
56,RoundRobin,AvgWaitingTime,18705.83
56,RoundRobin,AvgTurnaroundTime,18930.07
56,RoundRobin,CPUUtilization,83.20
56,RoundRobin,Throughput,0.00
57,FCFS,AvgWaitingTime,9622.47
57,FCFS,AvgTurnaroundTime,9823.72
57,FCFS,CPUUtilization,99.51
57,FCFS,Throughput,0.00
57,Priority-NP,AvgWaitingTime,9889.14
57,Priority-NP,AvgTurnaroundTime,10090.39
57,Priority-NP,CPUUtilization,99.51
57,Priority-NP,Throughput,0.00
57,SJF-NP,AvgWaitingTime,6332.39
57,SJF-NP,AvgTurnaroundTime,6533.64
57,SJF-NP,CPUUtilization,99.51
57,SJF-NP,Throughput,0.00
57,RoundRobin,AvgWaitingTime,14977.57
57,RoundRobin,AvgTurnaroundTime,15178.82
57,RoundRobin,CPUUtilization,83.21
57,RoundRobin,Throughput,0.00
58,FCFS,AvgWaitingTime,12615.27
58,FCFS,AvgTurnaroundTime,12882.53
58,FCFS,CPUUtilization,99.63
58,FCFS,Throughput,0.00
58,Priority-NP,AvgWaitingTime,13455.36
58,Priority-NP,AvgTurnaroundTime,13722.62
58,Priority-NP,CPUUtilization,99.63
58,Priority-NP,Throughput,0.00
58,SJF-NP,AvgWaitingTime,8378.28
58,SJF-NP,AvgTurnaroundTime,8645.54
58,SJF-NP,CPUUtilization,99.63
58,SJF-NP,Throughput,0.00
58,RoundRobin,AvgWaitingTime,20026.15
58,RoundRobin,AvgTurnaroundTime,20293.41
58,RoundRobin,CPUUtilization,83.23
58,RoundRobin,Throughput,0.00
59,FCFS,AvgWaitingTime,10285.31
59,FCFS,AvgTurnaroundTime,10521.21
59,FCFS,CPUUtilization,99.58
59,FCFS,Throughput,0.00
59,Priority-NP,AvgWaitingTime,11533.04
59,Priority-NP,AvgTurnaroundTime,11768.94
59,Priority-NP,CPUUtilization,99.58
59,Priority-NP,Throughput,0.00
59,SJF-NP,AvgWaitingTime,7675.79
59,SJF-NP,AvgTurnaroundTime,7911.69
59,SJF-NP,CPUUtilization,99.58
59,SJF-NP,Throughput,0.00
59,RoundRobin,AvgWaitingTime,18266.79
59,RoundRobin,AvgTurnaroundTime,18502.69
59,RoundRobin,CPUUtilization,83.23
59,RoundRobin,Throughput,0.00
60,FCFS,AvgWaitingTime,11084.12
60,FCFS,AvgTurnaroundTime,11309.29
60,FCFS,CPUUtilization,99.56
60,FCFS,Throughput,0.00
60,Priority-NP,AvgWaitingTime,12066.72
60,Priority-NP,AvgTurnaroundTime,12291.89
60,Priority-NP,CPUUtilization,99.56
60,Priority-NP,Throughput,0.00
60,SJF-NP,AvgWaitingTime,6853.00
60,SJF-NP,AvgTurnaroundTime,7078.17
60,SJF-NP,CPUUtilization,99.56
60,SJF-NP,Throughput,0.00
60,RoundRobin,AvgWaitingTime,16236.49
60,RoundRobin,AvgTurnaroundTime,16461.66
60,RoundRobin,CPUUtilization,83.21
60,RoundRobin,Throughput,0.00
61,FCFS,AvgWaitingTime,10881.52
61,FCFS,AvgTurnaroundTime,11111.06
61,FCFS,CPUUtilization,99.57
61,FCFS,Throughput,0.00
61,Priority-NP,AvgWaitingTime,11236.15
61,Priority-NP,AvgTurnaroundTime,11465.69
61,Priority-NP,CPUUtilization,99.57
61,Priority-NP,Throughput,0.00
61,SJF-NP,AvgWaitingTime,7527.61
61,SJF-NP,AvgTurnaroundTime,7757.15
61,SJF-NP,CPUUtilization,99.57
61,SJF-NP,Throughput,0.00
61,RoundRobin,AvgWaitingTime,17966.21
61,RoundRobin,AvgTurnaroundTime,18195.75
61,RoundRobin,CPUUtilization,83.21
61,RoundRobin,Throughput,0.00
62,FCFS,AvgWaitingTime,10913.18
62,FCFS,AvgTurnaroundTime,11147.33
62,FCFS,CPUUtilization,99.58
62,FCFS,Throughput,0.00
62,Priority-NP,AvgWaitingTime,11412.12
62,Priority-NP,AvgTurnaroundTime,11646.27
62,Priority-NP,CPUUtilization,99.58
62,Priority-NP,Throughput,0.00
62,SJF-NP,AvgWaitingTime,8013.51
62,SJF-NP,AvgTurnaroundTime,8247.66
62,SJF-NP,CPUUtilization,99.58
62,SJF-NP,Throughput,0.00
62,RoundRobin,AvgWaitingTime,19111.54
62,RoundRobin,AvgTurnaroundTime,19345.69
62,RoundRobin,CPUUtilization,83.23
62,RoundRobin,Throughput,0.00
63,FCFS,AvgWaitingTime,12027.72
63,FCFS,AvgTurnaroundTime,12292.80
63,FCFS,CPUUtilization,99.63
63,FCFS,Throughput,0.00
63,Priority-NP,AvgWaitingTime,13709.30
63,Priority-NP,AvgTurnaroundTime,13974.38
63,Priority-NP,CPUUtilization,99.63
63,Priority-NP,Throughput,0.00
63,SJF-NP,AvgWaitingTime,9122.89
63,SJF-NP,AvgTurnaroundTime,9387.97
63,SJF-NP,CPUUtilization,99.63
63,SJF-NP,Throughput,0.00
63,RoundRobin,AvgWaitingTime,21563.96
63,RoundRobin,AvgTurnaroundTime,21829.04
63,RoundRobin,CPUUtilization,83.24
63,RoundRobin,Throughput,0.00
64,FCFS,AvgWaitingTime,7696.92
64,FCFS,AvgTurnaroundTime,7865.41
64,FCFS,CPUUtilization,99.42
64,FCFS,Throughput,0.01
64,Priority-NP,AvgWaitingTime,8590.18
64,Priority-NP,AvgTurnaroundTime,8758.67
64,Priority-NP,CPUUtilization,99.42
64,Priority-NP,Throughput,0.01
64,SJF-NP,AvgWaitingTime,5446.47
64,SJF-NP,AvgTurnaroundTime,5614.96
64,SJF-NP,CPUUtilization,99.42
64,SJF-NP,Throughput,0.01
64,RoundRobin,AvgWaitingTime,12882.39
64,RoundRobin,AvgTurnaroundTime,13050.88
64,RoundRobin,CPUUtilization,83.17
64,RoundRobin,Throughput,0.00
65,FCFS,AvgWaitingTime,9899.98
65,FCFS,AvgTurnaroundTime,10122.62
65,FCFS,CPUUtilization,99.56
65,FCFS,Throughput,0.00
65,Priority-NP,AvgWaitingTime,10687.00
65,Priority-NP,AvgTurnaroundTime,10909.64
65,Priority-NP,CPUUtilization,99.56
65,Priority-NP,Throughput,0.00
65,SJF-NP,AvgWaitingTime,7274.57
65,SJF-NP,AvgTurnaroundTime,7497.21
65,SJF-NP,CPUUtilization,99.56
65,SJF-NP,Throughput,0.00
65,RoundRobin,AvgWaitingTime,17169.38
65,RoundRobin,AvgTurnaroundTime,17392.02
65,RoundRobin,CPUUtilization,83.20
65,RoundRobin,Throughput,0.00
66,FCFS,AvgWaitingTime,9508.82
66,FCFS,AvgTurnaroundTime,9710.27
66,FCFS,CPUUtilization,99.51
66,FCFS,Throughput,0.00
66,Priority-NP,AvgWaitingTime,10201.86
66,Priority-NP,AvgTurnaroundTime,10403.31
66,Priority-NP,CPUUtilization,99.51
66,Priority-NP,Throughput,0.00
66,SJF-NP,AvgWaitingTime,7190.05
66,SJF-NP,AvgTurnaroundTime,7391.50
66,SJF-NP,CPUUtilization,99.51
66,SJF-NP,Throughput,0.00
66,RoundRobin,AvgWaitingTime,16907.88
66,RoundRobin,AvgTurnaroundTime,17109.33
66,RoundRobin,CPUUtilization,83.20
66,RoundRobin,Throughput,0.00
67,FCFS,AvgWaitingTime,11875.23
67,FCFS,AvgTurnaroundTime,12126.59
67,FCFS,CPUUtilization,99.61
67,FCFS,Throughput,0.00
67,Priority-NP,AvgWaitingTime,13299.08
67,Priority-NP,AvgTurnaroundTime,13550.44
67,Priority-NP,CPUUtilization,99.61
67,Priority-NP,Throughput,0.00
67,SJF-NP,AvgWaitingTime,8709.60
67,SJF-NP,AvgTurnaroundTime,8960.96
67,SJF-NP,CPUUtilization,99.61
67,SJF-NP,Throughput,0.00
67,RoundRobin,AvgWaitingTime,20388.10
67,RoundRobin,AvgTurnaroundTime,20639.46
67,RoundRobin,CPUUtilization,83.22
67,RoundRobin,Throughput,0.00
68,FCFS,AvgWaitingTime,11330.48
68,FCFS,AvgTurnaroundTime,11581.86
68,FCFS,CPUUtilization,99.61
68,FCFS,Throughput,0.00
68,Priority-NP,AvgWaitingTime,11872.71
68,Priority-NP,AvgTurnaroundTime,12124.09
68,Priority-NP,CPUUtilization,99.61
68,Priority-NP,Throughput,0.00
68,SJF-NP,AvgWaitingTime,8835.71
68,SJF-NP,AvgTurnaroundTime,9087.09
68,SJF-NP,CPUUtilization,99.61
68,SJF-NP,Throughput,0.00
68,RoundRobin,AvgWaitingTime,20949.16
68,RoundRobin,AvgTurnaroundTime,21200.54
68,RoundRobin,CPUUtilization,83.23
68,RoundRobin,Throughput,0.00
69,FCFS,AvgWaitingTime,13346.31
69,FCFS,AvgTurnaroundTime,13616.64
69,FCFS,CPUUtilization,99.64
69,FCFS,Throughput,0.00
69,Priority-NP,AvgWaitingTime,12891.33
69,Priority-NP,AvgTurnaroundTime,13161.66
69,Priority-NP,CPUUtilization,99.64
69,Priority-NP,Throughput,0.00
69,SJF-NP,AvgWaitingTime,9064.26
69,SJF-NP,AvgTurnaroundTime,9334.59
69,SJF-NP,CPUUtilization,99.64
69,SJF-NP,Throughput,0.00
69,RoundRobin,AvgWaitingTime,21477.55
69,RoundRobin,AvgTurnaroundTime,21747.88
69,RoundRobin,CPUUtilization,83.24
69,RoundRobin,Throughput,0.00
70,FCFS,AvgWaitingTime,11681.18
70,FCFS,AvgTurnaroundTime,11924.87
70,FCFS,CPUUtilization,99.60
70,FCFS,Throughput,0.00
70,Priority-NP,AvgWaitingTime,11648.81
70,Priority-NP,AvgTurnaroundTime,11892.50
70,Priority-NP,CPUUtilization,99.60
70,Priority-NP,Throughput,0.00
70,SJF-NP,AvgWaitingTime,8026.44
70,SJF-NP,AvgTurnaroundTime,8270.13
70,SJF-NP,CPUUtilization,99.60
70,SJF-NP,Throughput,0.00
70,RoundRobin,AvgWaitingTime,19113.12
70,RoundRobin,AvgTurnaroundTime,19356.81
70,RoundRobin,CPUUtilization,83.24
70,RoundRobin,Throughput,0.00
71,FCFS,AvgWaitingTime,9165.86
71,FCFS,AvgTurnaroundTime,9359.78
71,FCFS,CPUUtilization,99.49
71,FCFS,Throughput,0.01
71,Priority-NP,AvgWaitingTime,9594.68
71,Priority-NP,AvgTurnaroundTime,9788.60
71,Priority-NP,CPUUtilization,99.49
71,Priority-NP,Throughput,0.01
71,SJF-NP,AvgWaitingTime,6505.94
71,SJF-NP,AvgTurnaroundTime,6699.86
71,SJF-NP,CPUUtilization,99.49
71,SJF-NP,Throughput,0.01
71,RoundRobin,AvgWaitingTime,15291.28
71,RoundRobin,AvgTurnaroundTime,15485.20
71,RoundRobin,CPUUtilization,83.18
71,RoundRobin,Throughput,0.00
72,FCFS,AvgWaitingTime,9611.11
72,FCFS,AvgTurnaroundTime,9816.78
72,FCFS,CPUUtilization,99.52
72,FCFS,Throughput,0.00
72,Priority-NP,AvgWaitingTime,9697.90
72,Priority-NP,AvgTurnaroundTime,9903.57
72,Priority-NP,CPUUtilization,99.52
72,Priority-NP,Throughput,0.00
72,SJF-NP,AvgWaitingTime,6271.82
72,SJF-NP,AvgTurnaroundTime,6477.49
72,SJF-NP,CPUUtilization,99.52
72,SJF-NP,Throughput,0.00
72,RoundRobin,AvgWaitingTime,14955.13
72,RoundRobin,AvgTurnaroundTime,15160.80
72,RoundRobin,CPUUtilization,83.20
72,RoundRobin,Throughput,0.00
73,FCFS,AvgWaitingTime,10807.87
73,FCFS,AvgTurnaroundTime,11027.91
73,FCFS,CPUUtilization,99.55
73,FCFS,Throughput,0.00
73,Priority-NP,AvgWaitingTime,10832.86
73,Priority-NP,AvgTurnaroundTime,11052.90
73,Priority-NP,CPUUtilization,99.55
73,Priority-NP,Throughput,0.00
73,SJF-NP,AvgWaitingTime,7193.33
73,SJF-NP,AvgTurnaroundTime,7413.37
73,SJF-NP,CPUUtilization,99.55
73,SJF-NP,Throughput,0.00
73,RoundRobin,AvgWaitingTime,17164.90
73,RoundRobin,AvgTurnaroundTime,17384.94
73,RoundRobin,CPUUtilization,83.21
73,RoundRobin,Throughput,0.00
74,FCFS,AvgWaitingTime,10292.45
74,FCFS,AvgTurnaroundTime,10513.24
74,FCFS,CPUUtilization,99.55
74,FCFS,Throughput,0.00
74,Priority-NP,AvgWaitingTime,10940.95
74,Priority-NP,AvgTurnaroundTime,11161.74
74,Priority-NP,CPUUtilization,99.55
74,Priority-NP,Throughput,0.00
74,SJF-NP,AvgWaitingTime,7361.61
74,SJF-NP,AvgTurnaroundTime,7582.40
74,SJF-NP,CPUUtilization,99.55
74,SJF-NP,Throughput,0.00
74,RoundRobin,AvgWaitingTime,17566.67
74,RoundRobin,AvgTurnaroundTime,17787.46
74,RoundRobin,CPUUtilization,83.20
74,RoundRobin,Throughput,0.00
75,FCFS,AvgWaitingTime,13420.82
75,FCFS,AvgTurnaroundTime,13699.54
75,FCFS,CPUUtilization,99.65
75,FCFS,Throughput,0.00
75,Priority-NP,AvgWaitingTime,13259.80
75,Priority-NP,AvgTurnaroundTime,13538.52
75,Priority-NP,CPUUtilization,99.65
75,Priority-NP,Throughput,0.00
75,SJF-NP,AvgWaitingTime,9676.14
75,SJF-NP,AvgTurnaroundTime,9954.86
75,SJF-NP,CPUUtilization,99.65
75,SJF-NP,Throughput,0.00
75,RoundRobin,AvgWaitingTime,23120.75
75,RoundRobin,AvgTurnaroundTime,23399.47
75,RoundRobin,CPUUtilization,83.25
75,RoundRobin,Throughput,0.00
76,FCFS,AvgWaitingTime,10044.00
76,FCFS,AvgTurnaroundTime,10255.00
76,FCFS,CPUUtilization,99.53
76,FCFS,Throughput,0.00
76,Priority-NP,AvgWaitingTime,10702.00
76,Priority-NP,AvgTurnaroundTime,10913.00
76,Priority-NP,CPUUtilization,99.53
76,Priority-NP,Throughput,0.00
76,SJF-NP,AvgWaitingTime,6934.78
76,SJF-NP,AvgTurnaroundTime,7145.78
76,SJF-NP,CPUUtilization,99.53
76,SJF-NP,Throughput,0.00
76,RoundRobin,AvgWaitingTime,16559.61
76,RoundRobin,AvgTurnaroundTime,16770.61
76,RoundRobin,CPUUtilization,83.20
76,RoundRobin,Throughput,0.00
77,FCFS,AvgWaitingTime,10182.64
77,FCFS,AvgTurnaroundTime,10402.57
77,FCFS,CPUUtilization,99.55
77,FCFS,Throughput,0.00
77,Priority-NP,AvgWaitingTime,10319.93
77,Priority-NP,AvgTurnaroundTime,10539.86
77,Priority-NP,CPUUtilization,99.55
77,Priority-NP,Throughput,0.00
77,SJF-NP,AvgWaitingTime,6873.99
77,SJF-NP,AvgTurnaroundTime,7093.92
77,SJF-NP,CPUUtilization,99.55
77,SJF-NP,Throughput,0.00
77,RoundRobin,AvgWaitingTime,16386.84
77,RoundRobin,AvgTurnaroundTime,16606.77
77,RoundRobin,CPUUtilization,83.21
77,RoundRobin,Throughput,0.00
78,FCFS,AvgWaitingTime,9245.01
78,FCFS,AvgTurnaroundTime,9437.13
78,FCFS,CPUUtilization,99.49
78,FCFS,Throughput,0.01
78,Priority-NP,AvgWaitingTime,9682.87
78,Priority-NP,AvgTurnaroundTime,9874.99
78,Priority-NP,CPUUtilization,99.49
78,Priority-NP,Throughput,0.01
78,SJF-NP,AvgWaitingTime,6280.32
78,SJF-NP,AvgTurnaroundTime,6472.44
78,SJF-NP,CPUUtilization,99.49
78,SJF-NP,Throughput,0.01
78,RoundRobin,AvgWaitingTime,14702.04
78,RoundRobin,AvgTurnaroundTime,14894.16
78,RoundRobin,CPUUtilization,83.19
78,RoundRobin,Throughput,0.00
79,FCFS,AvgWaitingTime,10990.81
79,FCFS,AvgTurnaroundTime,11227.85
79,FCFS,CPUUtilization,99.58
79,FCFS,Throughput,0.00
79,Priority-NP,AvgWaitingTime,11698.23
79,Priority-NP,AvgTurnaroundTime,11935.27
79,Priority-NP,CPUUtilization,99.58
79,Priority-NP,Throughput,0.00
79,SJF-NP,AvgWaitingTime,8058.80
79,SJF-NP,AvgTurnaroundTime,8295.84
79,SJF-NP,CPUUtilization,99.58
79,SJF-NP,Throughput,0.00
79,RoundRobin,AvgWaitingTime,19196.83
79,RoundRobin,AvgTurnaroundTime,19433.87
79,RoundRobin,CPUUtilization,83.22
79,RoundRobin,Throughput,0.00
80,FCFS,AvgWaitingTime,12569.73
80,FCFS,AvgTurnaroundTime,12831.11
80,FCFS,CPUUtilization,99.62
80,FCFS,Throughput,0.00
80,Priority-NP,AvgWaitingTime,12490.09
80,Priority-NP,AvgTurnaroundTime,12751.47
80,Priority-NP,CPUUtilization,99.62
80,Priority-NP,Throughput,0.00
80,SJF-NP,AvgWaitingTime,8880.61
80,SJF-NP,AvgTurnaroundTime,9141.99
80,SJF-NP,CPUUtilization,99.62
80,SJF-NP,Throughput,0.00
80,RoundRobin,AvgWaitingTime,21143.28
80,RoundRobin,AvgTurnaroundTime,21404.66
80,RoundRobin,CPUUtilization,83.22
80,RoundRobin,Throughput,0.00
81,FCFS,AvgWaitingTime,12080.49
81,FCFS,AvgTurnaroundTime,12331.98
81,FCFS,CPUUtilization,99.61
81,FCFS,Throughput,0.00
81,Priority-NP,AvgWaitingTime,12090.03
81,Priority-NP,AvgTurnaroundTime,12341.52
81,Priority-NP,CPUUtilization,99.61
81,Priority-NP,Throughput,0.00
81,SJF-NP,AvgWaitingTime,8565.71
81,SJF-NP,AvgTurnaroundTime,8817.20
81,SJF-NP,CPUUtilization,99.61
81,SJF-NP,Throughput,0.00
81,RoundRobin,AvgWaitingTime,20360.49
81,RoundRobin,AvgTurnaroundTime,20611.98
81,RoundRobin,CPUUtilization,83.23
81,RoundRobin,Throughput,0.00
82,FCFS,AvgWaitingTime,11796.51
82,FCFS,AvgTurnaroundTime,12042.58
82,FCFS,CPUUtilization,99.60
82,FCFS,Throughput,0.00
82,Priority-NP,AvgWaitingTime,12166.95
82,Priority-NP,AvgTurnaroundTime,12413.02
82,Priority-NP,CPUUtilization,99.60
82,Priority-NP,Throughput,0.00
82,SJF-NP,AvgWaitingTime,8819.51
82,SJF-NP,AvgTurnaroundTime,9065.58
82,SJF-NP,CPUUtilization,99.60
82,SJF-NP,Throughput,0.00
82,RoundRobin,AvgWaitingTime,21055.90
82,RoundRobin,AvgTurnaroundTime,21301.97
82,RoundRobin,CPUUtilization,83.22
82,RoundRobin,Throughput,0.00
83,FCFS,AvgWaitingTime,10247.07
83,FCFS,AvgTurnaroundTime,10469.17
83,FCFS,CPUUtilization,99.56
83,FCFS,Throughput,0.00
83,Priority-NP,AvgWaitingTime,10916.28
83,Priority-NP,AvgTurnaroundTime,11138.38
83,Priority-NP,CPUUtilization,99.56
83,Priority-NP,Throughput,0.00
83,SJF-NP,AvgWaitingTime,7654.58
83,SJF-NP,AvgTurnaroundTime,7876.68
83,SJF-NP,CPUUtilization,99.56
83,SJF-NP,Throughput,0.00
83,RoundRobin,AvgWaitingTime,18234.31
83,RoundRobin,AvgTurnaroundTime,18456.41
83,RoundRobin,CPUUtilization,83.21
83,RoundRobin,Throughput,0.00
84,FCFS,AvgWaitingTime,11088.17
84,FCFS,AvgTurnaroundTime,11315.81
84,FCFS,CPUUtilization,99.57
84,FCFS,Throughput,0.00
84,Priority-NP,AvgWaitingTime,11518.43
84,Priority-NP,AvgTurnaroundTime,11746.07
84,Priority-NP,CPUUtilization,99.57
84,Priority-NP,Throughput,0.00
84,SJF-NP,AvgWaitingTime,7533.84
84,SJF-NP,AvgTurnaroundTime,7761.48
84,SJF-NP,CPUUtilization,99.57
84,SJF-NP,Throughput,0.00
84,RoundRobin,AvgWaitingTime,17974.72
84,RoundRobin,AvgTurnaroundTime,18202.36
84,RoundRobin,CPUUtilization,83.21
84,RoundRobin,Throughput,0.00
85,FCFS,AvgWaitingTime,8470.65
85,FCFS,AvgTurnaroundTime,8659.09
85,FCFS,CPUUtilization,99.48
85,FCFS,Throughput,0.01
85,Priority-NP,AvgWaitingTime,9173.81
85,Priority-NP,AvgTurnaroundTime,9362.25
85,Priority-NP,CPUUtilization,99.48
85,Priority-NP,Throughput,0.01
85,SJF-NP,AvgWaitingTime,5787.12
85,SJF-NP,AvgTurnaroundTime,5975.56
85,SJF-NP,CPUUtilization,99.48
85,SJF-NP,Throughput,0.01
85,RoundRobin,AvgWaitingTime,13767.47
85,RoundRobin,AvgTurnaroundTime,13955.91
85,RoundRobin,CPUUtilization,83.19
85,RoundRobin,Throughput,0.00
86,FCFS,AvgWaitingTime,10451.79
86,FCFS,AvgTurnaroundTime,10683.04
86,FCFS,CPUUtilization,99.57
86,FCFS,Throughput,0.00
86,Priority-NP,AvgWaitingTime,11630.06
86,Priority-NP,AvgTurnaroundTime,11861.31
86,Priority-NP,CPUUtilization,99.57
86,Priority-NP,Throughput,0.00
86,SJF-NP,AvgWaitingTime,7654.45
86,SJF-NP,AvgTurnaroundTime,7885.70
86,SJF-NP,CPUUtilization,99.57
86,SJF-NP,Throughput,0.00
86,RoundRobin,AvgWaitingTime,18261.15
86,RoundRobin,AvgTurnaroundTime,18492.40
86,RoundRobin,CPUUtilization,83.20
86,RoundRobin,Throughput,0.00
87,FCFS,AvgWaitingTime,11219.58
87,FCFS,AvgTurnaroundTime,11456.83
87,FCFS,CPUUtilization,99.58
87,FCFS,Throughput,0.00
87,Priority-NP,AvgWaitingTime,11477.69
87,Priority-NP,AvgTurnaroundTime,11714.94
87,Priority-NP,CPUUtilization,99.58
87,Priority-NP,Throughput,0.00
87,SJF-NP,AvgWaitingTime,8047.99
87,SJF-NP,AvgTurnaroundTime,8285.24
87,SJF-NP,CPUUtilization,99.58
87,SJF-NP,Throughput,0.00
87,RoundRobin,AvgWaitingTime,19199.31
87,RoundRobin,AvgTurnaroundTime,19436.56
87,RoundRobin,CPUUtilization,83.23
87,RoundRobin,Throughput,0.00
88,FCFS,AvgWaitingTime,13369.48
88,FCFS,AvgTurnaroundTime,13642.44
88,FCFS,CPUUtilization,99.64
88,FCFS,Throughput,0.00
88,Priority-NP,AvgWaitingTime,13292.00
88,Priority-NP,AvgTurnaroundTime,13564.96
88,Priority-NP,CPUUtilization,99.64
88,Priority-NP,Throughput,0.00
88,SJF-NP,AvgWaitingTime,9649.56
88,SJF-NP,AvgTurnaroundTime,9922.52
88,SJF-NP,CPUUtilization,99.64
88,SJF-NP,Throughput,0.00
88,RoundRobin,AvgWaitingTime,23065.91
88,RoundRobin,AvgTurnaroundTime,23338.87
88,RoundRobin,CPUUtilization,83.23
88,RoundRobin,Throughput,0.00
89,FCFS,AvgWaitingTime,8976.39
89,FCFS,AvgTurnaroundTime,9165.40
89,FCFS,CPUUtilization,99.48
89,FCFS,Throughput,0.01
89,Priority-NP,AvgWaitingTime,9375.13
89,Priority-NP,AvgTurnaroundTime,9564.14
89,Priority-NP,CPUUtilization,99.48
89,Priority-NP,Throughput,0.01
89,SJF-NP,AvgWaitingTime,6867.13
89,SJF-NP,AvgTurnaroundTime,7056.14
89,SJF-NP,CPUUtilization,99.48
89,SJF-NP,Throughput,0.01
89,RoundRobin,AvgWaitingTime,16159.12
89,RoundRobin,AvgTurnaroundTime,16348.13
89,RoundRobin,CPUUtilization,83.20
89,RoundRobin,Throughput,0.00
90,FCFS,AvgWaitingTime,9555.79
90,FCFS,AvgTurnaroundTime,9748.88
90,FCFS,CPUUtilization,99.49
90,FCFS,Throughput,0.01
90,Priority-NP,AvgWaitingTime,9701.72
90,Priority-NP,AvgTurnaroundTime,9894.81
90,Priority-NP,CPUUtilization,99.49
90,Priority-NP,Throughput,0.01
90,SJF-NP,AvgWaitingTime,6761.37
90,SJF-NP,AvgTurnaroundTime,6954.46
90,SJF-NP,CPUUtilization,99.49
90,SJF-NP,Throughput,0.01
90,RoundRobin,AvgWaitingTime,15919.30
90,RoundRobin,AvgTurnaroundTime,16112.39
90,RoundRobin,CPUUtilization,83.19
90,RoundRobin,Throughput,0.00
91,FCFS,AvgWaitingTime,11512.61
91,FCFS,AvgTurnaroundTime,11752.32
91,FCFS,CPUUtilization,99.59
91,FCFS,Throughput,0.00
91,Priority-NP,AvgWaitingTime,11998.81
91,Priority-NP,AvgTurnaroundTime,12238.52
91,Priority-NP,CPUUtilization,99.59
91,Priority-NP,Throughput,0.00
91,SJF-NP,AvgWaitingTime,7709.57
91,SJF-NP,AvgTurnaroundTime,7949.28
91,SJF-NP,CPUUtilization,99.59
91,SJF-NP,Throughput,0.00
91,RoundRobin,AvgWaitingTime,18429.32
91,RoundRobin,AvgTurnaroundTime,18669.03
91,RoundRobin,CPUUtilization,83.21
91,RoundRobin,Throughput,0.00
92,FCFS,AvgWaitingTime,9458.16
92,FCFS,AvgTurnaroundTime,9656.99
92,FCFS,CPUUtilization,99.50
92,FCFS,Throughput,0.01
92,Priority-NP,AvgWaitingTime,9936.47
92,Priority-NP,AvgTurnaroundTime,10135.30
92,Priority-NP,CPUUtilization,99.50
92,Priority-NP,Throughput,0.01
92,SJF-NP,AvgWaitingTime,6375.10
92,SJF-NP,AvgTurnaroundTime,6573.93
92,SJF-NP,CPUUtilization,99.50
92,SJF-NP,Throughput,0.01
92,RoundRobin,AvgWaitingTime,15135.75
92,RoundRobin,AvgTurnaroundTime,15334.58
92,RoundRobin,CPUUtilization,83.19
92,RoundRobin,Throughput,0.00
93,FCFS,AvgWaitingTime,12950.08
93,FCFS,AvgTurnaroundTime,13230.33
93,FCFS,CPUUtilization,99.65
93,FCFS,Throughput,0.00
93,Priority-NP,AvgWaitingTime,13804.68
93,Priority-NP,AvgTurnaroundTime,14084.93
93,Priority-NP,CPUUtilization,99.65
93,Priority-NP,Throughput,0.00
93,SJF-NP,AvgWaitingTime,10136.44
93,SJF-NP,AvgTurnaroundTime,10416.69
93,SJF-NP,CPUUtilization,99.65
93,SJF-NP,Throughput,0.00
93,RoundRobin,AvgWaitingTime,24198.31
93,RoundRobin,AvgTurnaroundTime,24478.56
93,RoundRobin,CPUUtilization,83.23
93,RoundRobin,Throughput,0.00
94,FCFS,AvgWaitingTime,8866.10
94,FCFS,AvgTurnaroundTime,9068.06
94,FCFS,CPUUtilization,99.51
94,FCFS,Throughput,0.00
94,Priority-NP,AvgWaitingTime,9502.20
94,Priority-NP,AvgTurnaroundTime,9704.16
94,Priority-NP,CPUUtilization,99.51
94,Priority-NP,Throughput,0.00
94,SJF-NP,AvgWaitingTime,6719.01
94,SJF-NP,AvgTurnaroundTime,6920.97
94,SJF-NP,CPUUtilization,99.51
94,SJF-NP,Throughput,0.00
94,RoundRobin,AvgWaitingTime,15788.87
94,RoundRobin,AvgTurnaroundTime,15990.83
94,RoundRobin,CPUUtilization,83.19
94,RoundRobin,Throughput,0.00
95,FCFS,AvgWaitingTime,10708.56
95,FCFS,AvgTurnaroundTime,10932.70
95,FCFS,CPUUtilization,99.56
95,FCFS,Throughput,0.00
95,Priority-NP,AvgWaitingTime,11427.73
95,Priority-NP,AvgTurnaroundTime,11651.87
95,Priority-NP,CPUUtilization,99.56
95,Priority-NP,Throughput,0.00
95,SJF-NP,AvgWaitingTime,8208.37
95,SJF-NP,AvgTurnaroundTime,8432.51
95,SJF-NP,CPUUtilization,99.56
95,SJF-NP,Throughput,0.00
95,RoundRobin,AvgWaitingTime,19405.54
95,RoundRobin,AvgTurnaroundTime,19629.68
95,RoundRobin,CPUUtilization,83.21
95,RoundRobin,Throughput,0.00
96,FCFS,AvgWaitingTime,10491.82
96,FCFS,AvgTurnaroundTime,10706.80
96,FCFS,CPUUtilization,99.54
96,FCFS,Throughput,0.00
96,Priority-NP,AvgWaitingTime,10456.05
96,Priority-NP,AvgTurnaroundTime,10671.03
96,Priority-NP,CPUUtilization,99.54
96,Priority-NP,Throughput,0.00
96,SJF-NP,AvgWaitingTime,7161.92
96,SJF-NP,AvgTurnaroundTime,7376.90
96,SJF-NP,CPUUtilization,99.54
96,SJF-NP,Throughput,0.00
96,RoundRobin,AvgWaitingTime,17085.66
96,RoundRobin,AvgTurnaroundTime,17300.64
96,RoundRobin,CPUUtilization,83.20
96,RoundRobin,Throughput,0.00
97,FCFS,AvgWaitingTime,11944.21
97,FCFS,AvgTurnaroundTime,12191.38
97,FCFS,CPUUtilization,99.60
97,FCFS,Throughput,0.00
97,Priority-NP,AvgWaitingTime,12092.47
97,Priority-NP,AvgTurnaroundTime,12339.64
97,Priority-NP,CPUUtilization,99.60
97,Priority-NP,Throughput,0.00
97,SJF-NP,AvgWaitingTime,8227.67
97,SJF-NP,AvgTurnaroundTime,8474.84
97,SJF-NP,CPUUtilization,99.60
97,SJF-NP,Throughput,0.00
97,RoundRobin,AvgWaitingTime,19665.02
97,RoundRobin,AvgTurnaroundTime,19912.19
97,RoundRobin,CPUUtilization,83.22
97,RoundRobin,Throughput,0.00
98,FCFS,AvgWaitingTime,12171.54
98,FCFS,AvgTurnaroundTime,12452.21
98,FCFS,CPUUtilization,99.65
98,FCFS,Throughput,0.00
98,Priority-NP,AvgWaitingTime,14373.34
98,Priority-NP,AvgTurnaroundTime,14654.01
98,Priority-NP,CPUUtilization,99.65
98,Priority-NP,Throughput,0.00
98,SJF-NP,AvgWaitingTime,9332.95
98,SJF-NP,AvgTurnaroundTime,9613.62
98,SJF-NP,CPUUtilization,99.65
98,SJF-NP,Throughput,0.00
98,RoundRobin,AvgWaitingTime,22229.32
98,RoundRobin,AvgTurnaroundTime,22509.99
98,RoundRobin,CPUUtilization,83.23
98,RoundRobin,Throughput,0.00
99,FCFS,AvgWaitingTime,10597.79
99,FCFS,AvgTurnaroundTime,10828.97
99,FCFS,CPUUtilization,99.57
99,FCFS,Throughput,0.00
99,Priority-NP,AvgWaitingTime,11003.03
99,Priority-NP,AvgTurnaroundTime,11234.21
99,Priority-NP,CPUUtilization,99.57
99,Priority-NP,Throughput,0.00
99,SJF-NP,AvgWaitingTime,7722.60
99,SJF-NP,AvgTurnaroundTime,7953.78
99,SJF-NP,CPUUtilization,99.57
99,SJF-NP,Throughput,0.00
99,RoundRobin,AvgWaitingTime,18402.33
99,RoundRobin,AvgTurnaroundTime,18633.51
99,RoundRobin,CPUUtilization,83.23
99,RoundRobin,Throughput,0.00
